ИНДЕКСЫ  ПОТРЕБИТЕЛЬСКИХ  ЦЕН  ПО РЕСПУБЛИКЕ  БЕЛАРУСЬ;;;;;
(предыдущий месяц = 100);;;;;
;;;;;
;2 0 2 4  г о д;;;;
;январь;февраль;март;апрель;май
ТОВАРЫ И УСЛУГИ - всего;100,79;100,94;100,47;100,43;100,11
ПРОДУКТЫ ПИТАНИЯ, АЛКОГОЛЬНЫЕ И БЕЗАЛКОГОЛЬНЫЕ НАПИТКИ, ТАБАЧНЫЕ ИЗДЕЛИЯ;101,29;100,50;100,51;100,61;99,96
ПРОДУКТЫ ПИТАНИЯ И БЕЗАЛКОГОЛЬНЫЕ НАПИТКИ;100,97;100,35;100,44;100,58;99,82
МЯСО И МЯСОПРОДУКТЫ;100,31;100,10;100,43;100,35;100,52
говядина (кроме бескостного мяса);101,80;100,09;99,49;100,14;100,77
говядина бескостная;100,75;99,88;100,22;100,41;100,38
свинина (кроме бескостного мяса);100,24;99,88;99,88;100,55;100,72
свинина бескостная;100,08;98,87;99,80;100,75;101,06
фарш мясной;99,95;100,10;99,03;101,03;100,52
рагу, набор из свинины;99,84;99,50;100,95;101,11;99,91
субпродукты мясные пищевые (кроме субпродуктов из птицы);100,64;99,91;100,68;100,15;99,75
куры (цыплята, включая бройлеров);100,97;100,11;101,11;100,24;101,27
полуфабрикаты из мяса птицы;100,74;100,38;101,53;99,69;100,10
субпродукты из птицы;100,66;100,69;100,26;100,15;99,96
котлеты мясные;100,87;100,73;100,24;99,79;100,72
пельмени мясные;100,00;99,58;100,89;100,37;100,59
готовые изделия (вареные, жареные, фаршированные) из теста с мясной начинкой;100,72;99,99;100,47;100,72;100,27
готовые изделия (вареные, жареные, фаршированные, заливные) из мяса и субпродуктов;102,33;99,89;101,02;100,60;100,42
сало, грудинка;99,80;100,23;100,39;100,40;100,18
колбасные изделия и копчености;100,16;100,22;100,60;100,21;100,48
колбаса вареная высшего сорта;99,82;100,58;100,72;100,35;100,45
колбаса вареная первого, второго сорта и бессортовая ;101,17;100,28;100,27;100,05;100,36
колбаса полукопченая, варено-копченая;100,29;100,12;100,49;99,85;100,51
колбаса сырокопченая, сыровяленая;100,07;100,47;100,71;100,09;99,72
паштет, зельц, сальтисон;100,71;100,31;100,13;99,96;100,57
колбаса ливерная и кровяная;100,74;100,48;100,21;100,17;100,25
сосиски, сардельки;100,39;100,30;100,58;100,65;101,28
изделия из говядины, свинины вареные, варено-копченые: ветчина, буженина, окорок и прочие;100,07;99,43;100,61;100,16;100,57
консервы мясные;99,71;100,51;99,77;100,42;99,91
говядина тушеная консервированная;99,67;100,67;100,08;100,02;99,96
свинина тушеная консервированная;99,86;100,34;99,14;101,16;99,66
консервы мясные для детского и диетического питания;99,58;100,46;100,12;100,11;100,15
РЫБА И РЫБОПРОДУКТЫ (включая морепродукты);100,60;100,77;99,85;100,60;100,34
рыба живая;100,42;100,27;100,24;100,25;99,06
рыба мороженая неразделанная (тресковые, скумбриевые);101,66;100,08;99,90;101,16;101,64
рыба мороженая (филе и разделанная);98,95;101,38;98,62;100,62;99,45
рыба соленая и копченая (кроме сельди и рыбы деликатесной);100,46;99,24;100,24;101,07;100,38
рыба соленая  и  копченая деликатесная  (включая балычные рыбные изделия);100,32;100,77;100,07;99,51;99,39
икра лососевых рыб;103,63;100,22;98,27;99,83;99,02
другие виды икры рыб;99,94;100,03;100,62;100,16;99,35
сельдь соленая;100,74;102,01;100,76;101,34;102,06
морепродукты;101,31;101,25;99,42;100,14;100,22
крабовые палочки (крабовое мясо);100,91;100,41;100,02;99,75;99,97
полуфабрикаты рыбные (котлеты, рыбные палочки, фарш, бургеры);100,56;101,46;100,66;101,95;100,28
готовые изделия (вареные, жареные, фаршированные, заливные) из рыбы и морепродуктов;100,02;100,28;100,36;101,00;100,21
консервы рыбные;101,03;101,17;100,37;100,35;100,41
консервы рыбные в томатном соусе;99,36;99,90;99,62;100,16;100,78
консервы рыбные натуральные и с добавлением масла;99,61;99,90;99,85;100,42;101,17
пресервы рыбные (филе сельди в различных соусах и заливках);102,19;102,14;100,80;100,34;99,91
МОЛОКО И МОЛОЧНЫЕ ПРОДУКТЫ ;100,38;100,21;100,49;100,15;100,23
молоко цельное пастерилизованое, стерилизованное, ультрапастеризованное;100,62;100,31;100,55;99,76;100,40
кефир;100,31;99,97;100,62;100,30;100,12
сметана;100,21;100,24;100,53;100,74;100,16
творог 4% жирности и выше;100,32;99,68;100,87;100,48;100,33
творог до 4% жирности;99,84;99,59;100,51;100,33;100,05
йогурт;100,23;101,27;99,34;100,22;99,45
сырок глазированный ;101,10;100,75;100,91;99,51;100,94
творожный крем, десерт, пудинг, паста;100,39;100,49;100,13;99,60;100,13
полуфабрикаты из творога (вареники, блинчики, сырники);99,39;100,51;99,37;99,53;101,87
сухие молочные смеси для детского и диетического питания;100,52;100,05;101,85;100,17;100,52
молоко сгущенное с сахаром;100,74;99,16;99,09;99,49;99,86
МОРОЖЕНОЕ;100,52;101,30;100,20;99,47;100,91
СЫРЫ;99,90;100,61;100,07;100,23;100,58
сыр твердый, полутвердый;99,72;100,79;99,98;100,41;100,32
сыр мягкий;100,64;99,87;100,72;99,45;101,75
сыр плавленый;100,16;100,61;100,08;99,69;100,72
сыр рассольный;100,01;99,98;99,81;100,77;101,06
МАСЛО И ЖИРЫ;100,79;99,68;100,67;99,82;99,81
масло сливочное;100,77;100,27;100,43;100,59;100,15
масло растительное (без оливкового);100,81;98,40;100,87;98,40;99,08
масло оливковое;101,19;102,20;103,79;100,75;101,14
маргарин;100,86;100,52;99,76;100,06;100,22
ЯЙЦА КУРИНЫЕ;101,49;100,61;100,04;100,27;99,85
САХАР;99,96;99,92;99,93;99,67;99,70
ЧАЙ;101,69;99,77;99,85;100,55;101,63
чай черный;102,35;99,79;99,22;100,99;101,58
чай зеленый;100,12;99,70;101,37;99,51;101,74
КОФЕ;99,57;100,90;101,28;100,89;102,12
кофе натуральный молотый;100,38;100,63;100,27;100,16;102,49
кофе растворимый;98,87;101,14;102,16;101,52;101,80
МЕД НАТУРАЛЬНЫЙ;100,21;100,11;99,93;100,21;100,06
СОЛЬ ПОВАРЕННАЯ ПИЩЕВАЯ;99,83;100,86;101,77;100,20;100,23
МУКА ПШЕНИЧНАЯ;100,62;101,05;100,23;99,71;100,35
ХЛЕБ И ИЗДЕЛИЯ ХЛЕБОБУЛОЧНЫЕ ;101,09;100,34;100,35;100,18;100,39
хлеб ржаной, ржано-пшеничный;100,71;100,28;100,02;100,37;100,66
хлеб, изделия булочные (батон) из муки пшеничной высшего сорта;101,19;100,46;100,40;100,22;100,38
хлеб, изделия булочные (батон) из муки пшеничной первого сорта, с отрубями и цельнозерновой;100,90;99,96;100,20;100,35;99,93
изделия булочные сдобные из  муки пшеничной высшего сорта;101,82;100,89;100,82;100,17;99,69
сухари, сушки, баранки;100,94;98,91;100,91;98,95;100,75
КРУПА И БОБОВЫЕ;100,69;100,13;100,55;99,60;100,06
рис шлифованный, полированный (включая пропаренный);102,09;100,70;100,47;101,32;101,39
крупа манная ;102,34;101,45;100,43;100,76;100,14
крупа пшенная;98,50;99,77;99,58;101,06;98,54
крупа гречневая ;100,00;99,83;99,37;96,55;97,97
хлопья овсяные;100,07;99,89;98,91;99,09;100,26
хлопья кукурузные ;100,52;100,18;101,27;99,83;99,66
крупа перловая ;99,11;100,20;100,63;100,39;100,13
каши для детского и диетического питания;101,43;99,47;100,98;99,81;101,21
горох, фасоль;100,37;102,70;100,47;102,97;101,37
мюсли, прочие сухие завтраки из различных круп;100,27;98,46;104,33;99,01;100,23
МАКАРОННЫЕ ИЗДЕЛИЯ;99,86;101,95;100,82;100,91;100,62
макароны, рожки;99,72;102,04;100,75;100,79;100,64
вермишель, лапша;101,18;101,10;101,42;102,02;100,47
КОНДИТЕРСКИЕ ИЗДЕЛИЯ;100,58;99,90;100,27;100,34;101,09
вафли;100,14;99,94;100,45;99,76;101,53
пряники;100,12;98,71;99,86;100,96;100,19
печенье ;100,86;99,39;98,89;100,77;100,73
торт;99,74;100,66;101,15;99,89;100,09
пирожные;99,95;100,45;101,29;99,98;100,62
ирис;99,99;100,84;99,09;100,00;100,86
карамель;100,29;100,81;99,04;99,87;100,96
конфеты глазированные шоколадной глазурью;101,64;99,19;100,53;99,69;102,36
"конфеты,  глазированные жировой глазурью  (типа ""Цитрон"", ""Детям"")";100,12;99,47;100,64;100,29;101,20
шоколад;101,56;100,38;100,60;101,41;101,35
халва;99,02;101,62;100,15;99,43;100,01
мармелад;100,65;100,77;100,38;100,13;101,08
зефир, пастила;99,59;99,54;100,75;99,97;102,24
другие кондитерские изделия;100,50;100,42;100,98;100,42;99,82
какао-порошок;99,97;100,64;101,72;101,18;105,43
какао-напиток растворимый;99,38;99,49;99,61;99,43;102,33
ПЛОДООВОЩНАЯ ПРОДУКЦИЯ;103,85;100,92;100,76;102,31;96,03
картофель;106,40;100,57;98,59;98,79;109,35
чипсы картофельные;101,30;99,36;100,95;100,55;100,68
овощи и грибы;106,43;100,96;101,33;104,39;87,15
капуста белокочанная свежая;112,14;105,29;98,89;104,45;110,70
лук репчатый;107,22;106,78;102,87;101,26;106,96
свекла ;111,89;100,34;104,78;106,59;137,24
морковь;113,01;107,45;104,22;106,51;135,14
помидоры свежие;106,41;96,30;107,77;105,74;74,95
огурцы свежие;99,65;101,35;86,44;104,70;43,07
чеснок;99,82;109,43;103,29;101,85;101,56
перец сладкий;113,12;98,80;120,46;108,65;86,60
грибы свежие;101,23;99,38;101,53;100,46;100,33
овощи замороженные;102,97;101,75;101,07;99,16;100,45
консервы овощные;101,21;100,57;99,52;99,90;100,42
овощи консервированные;101,43;100,48;99,34;99,77;100,47
консервы овощные, фруктово-овощные для детского и диетического питания;99,54;101,43;100,31;100,29;100,83
соус томатный;102,04;100,21;100,47;99,86;100,05
сок, нектар овощной, плодоовощной;99,62;101,09;100,08;100,87;99,92
фрукты и орехи ;102,53;101,21;100,85;101,58;100,64
яблоки;102,75;105,86;103,72;102,73;100,31
груши;105,93;94,68;102,78;99,36;107,18
плоды цитрусовые (апельсины, лимоны, мандарины, клементины);97,71;91,91;97,14;102,76;103,23
виноград;108,73;105,76;109,54;94,15;104,26
бананы;104,48;99,79;99,70;104,53;98,51
сухофрукты;103,70;101,50;100,65;100,17;99,87
орехи;101,46;100,76;99,99;99,71;100,65
консервы фруктово-ягодные;100,46;100,46;99,86;100,61;100,19
фрукты консервированные;100,20;98,30;97,57;100,63;99,68
консервы фруктовые, фруктово-ягодные для детского и диетического питания;99,97;100,58;100,78;100,73;100,15
сок, нектар фруктовый, ягодный;100,77;101,96;101,22;100,56;100,54
НАПИТКИ БЕЗАЛКОГОЛЬНЫЕ ;101,69;100,86;100,18;99,39;102,03
напитки безалкогольные ;102,14;100,63;99,68;99,09;103,27
вода минеральная и питьевая;101,18;101,74;100,84;99,48;100,92
квас;101,88;99,10;99,74;99,99;101,74
ПРОЧИЕ ПРОДОВОЛЬСТВЕННЫЕ ТОВАРЫ;;;;;
майонез;100,65;99,56;99,44;101,13;98,59
уксус;100,07;99,97;100,07;100,39;100,14
горчица пищевая ;101,10;98,97;100,86;99,54;100,14
сода пищевая;100,89;100,87;98,36;102,01;100,24
кетчуп;99,84;99,96;101,07;99,55;99,78
жевательная резинка;99,05;100,49;101,19;99,58;100,07
ОБЩЕСТВЕННОЕ ПИТАНИЕ;101,36;100,61;100,98;101,18;100,93
обед в столовой;101,64;102,03;100,58;101,35;102,14
обед в ресторане, кафе;101,92;100,30;101,26;101,19;100,89
"продукция объекта общественного питания быстрого обслуживания (типа ""Гамбургер"", пицца и прочее)";100,33;100,29;100,93;101,25;99,89
кофе в объекте общественного питания быстрого обслуживания ;99,88;99,37;100,47;100,38;101,13
сок (нектар) в объекте общественного питания быстрого обслуживания ;100,44;100,19;100,39;100,45;100,68
НАПИТКИ АЛКОГОЛЬНЫЕ ;101,76;102,08;101,01;100,67;100,25
водка;102,22;102,32;100,69;100,55;100,17
настойки горькие крепкие;100,40;102,00;101,79;101,20;100,37
коньяк;100,81;100,42;101,35;100,73;100,23
вино виноградное крепленое;100,78;100,30;101,00;100,00;100,86
вино виноградное столовое;101,06;100,40;100,44;99,61;99,63
пиво;101,49;102,61;101,67;101,04;100,49
шампанское;101,74;100,89;100,34;101,32;100,62
ТАБАЧНЫЕ ИЗДЕЛИЯ;108,29;100,11;100,04;100,07;100,57
сигареты с фильтром отечественные;108,33;100,10;100,04;100,06;100,57
сигареты с фильтром импортные;103,05;101,31;100,04;101,93;101,29
НЕПРОДОВОЛЬСТВЕННЫЕ ТОВАРЫ;100,43;100,48;100,53;100,41;100,23
ТКАНИ И ПРЯЖА;100,29;99,80;100,38;99,97;100,41
хлопчатобумажные;100,13;99,96;100,12;100,02;100,54
шерстяные и полушерстяные;100,62;100,36;100,41;99,79;100,01
льняные;100,14;99,88;100,00;100,02;100,58
шелковые;100,32;100,00;99,61;100,41;100,24
пряжа шерстяная (полушерстяная), смесовая;100,41;99,18;101,35;99,74;100,41
ОДЕЖДА;100,28;100,09;101,06;100,20;99,97
мужская;100,33;99,89;101,40;100,78;100,43
куртка утепленная ;98,91;98,74;104,09;101,89;100,12
пальто (полупальто) демисезонное ;100,20;97,72;100,79;103,45;101,09
куртка (типа ветровки);99,85;100,17;98,62;99,87;99,91
костюм;100,44;100,03;100,99;99,67;100,76
джинсы;99,32;99,60;101,92;100,25;99,89
брюки;100,36;100,24;101,04;100,40;100,08
сорочка верхняя;102,24;99,52;100,59;100,33;100,27
костюм спортивный ;100,50;100,63;101,12;101,41;100,66
свитер, джемпер из шерстяной или полушерстяной пряжи;100,28;98,95;102,13;100,97;99,03
свитер, джемпер из синтетической или смесовой пряжи;101,29;99,56;102,28;100,77;99,65
майка;101,75;100,64;100,16;101,47;100,86
трусы;101,53;100,09;99,82;100,79;100,65
фуфайка, тенниска из хлопчатобумажного или смесового трикотажного полотна;100,81;101,07;99,83;99,65;101,41
носки из хлопчатобумажной и смесовой пряжи;100,50;100,97;99,97;100,50;100,41
носки из полушерстяной пряжи;100,68;100,19;100,20;97,11;105,70
шляпа, кепка, бейсболка;99,76;99,91;101,24;100,85;100,15
пиджак из полушерстяной, синтетической или смесовой ткани;100,07;100,44;100,64;101,85;100,20
женская;100,24;100,09;101,17;100,01;99,98
пальто зимнее;99,40;98,98;101,53;100,25;100,42
дубленка;98,92;99,09;100,69;100,36;99,80
пальто демисезонное;100,63;100,94;100,32;97,76;99,07
куртка;99,49;100,74;101,31;99,45;100,35
костюм из полушерстяной, смесовой или синтетической ткани;100,17;100,12;101,27;99,11;100,85
костюм из трикотажного полотна;101,13;99,12;102,53;99,55;99,66
пиджак (жакет);101,48;100,50;101,26;100,11;100,58
юбка ;99,97;99,08;101,73;100,67;99,41
джинсы;99,74;101,75;100,75;101,14;100,23
блузка;100,20;98,88;102,45;100,54;99,59
платье из полушерстяной ткани или трикотажного полотна;100,37;99,14;101,94;99,57;99,69
платье  из  хлопчатобумажной, смесовой ткани  или  трикотажного полотна;99,69;99,87;102,94;100,52;99,06
халат домашний;100,21;100,92;100,31;100,65;99,47
свитер, джемпер из синтетической или смесовой пряжи;101,22;100,29;102,13;99,75;100,40
костюм спортивный;100,40;99,48;100,69;101,26;99,50
бюстгальтер;100,27;100,32;100,37;100,55;99,16
трусы из хлопчатобумажного трикотажного полотна;100,35;100,05;100,05;99,65;99,97
шапка (берет) трикотажная;100,35;98,12;103,04;99,99;100,67
плащ;100,43;99,63;99,38;99,30;98,47
сорочка ночная;101,86;100,41;99,75;101,24;98,94
платок, шарф;100,00;100,56;100,15;100,35;99,98
шляпа;100,15;98,30;104,77;101,36;101,00
шуба (полушубок), пальто из искусственного меха;99,74;99,88;103,13;96,99;97,64
комплект белья ;100,08;100,61;99,53;99,78;99,82
фуфайка, футболка;100,28;100,38;99,81;100,66;99,01
костюм купальный ;99,97;99,98;100,28;102,47;100,22
колготки;101,00;100,72;99,87;100,72;100,32
носки, гольфы (получулки);99,99;98,91;99,42;99,09;101,57
брюки;100,28;100,10;102,08;99,52;101,01
детская;100,29;100,32;100,34;100,00;99,36
куртка зимняя и демисезонная для мальчика;99,11;101,17;102,07;98,66;99,88
куртка зимняя и демисезонная для девочки;98,99;100,43;101,18;100,74;97,86
пальто зимнее и демисезонное для девочки;98,60;99,21;101,84;100,31;99,83
носки из хлопчатобумажной  или  смесовой пряжи;100,28;100,37;100,12;100,26;100,83
брюки;100,09;100,57;100,12;100,04;98,19
предметы школьной формы для мальчика: костюм, пиджак, жилет;99,83;100,46;99,96;99,93;99,57
костюм спортивный;100,57;100,22;99,83;99,38;99,83
джемпер,  свитер из полушерстяной,  смесовой пряжи;100,70;99,37;101,08;100,03;99,19
сорочка верхняя из хлопчатобумажной или смесовой ткани ;101,11;99,58;100,67;99,84;100,63
юбка из смесовых тканей или трикотажного полотна;100,08;101,45;100,46;99,89;99,87
платье  из  хлопчатобумажной, смесовой ткани  или  трикотажного полотна;99,93;100,39;100,81;100,57;99,28
предметы школьной формы для девочки: костюм, сарафан, комплект (юбка, брюки, жакет, жилет);101,91;99,86;100,34;100,63;97,82
джинсы детские;100,98;102,08;100,02;100,08;98,82
белье для новорожденных и детей ясельного возраста;100,81;100,92;99,13;100,26;98,68
комплект белья детского;100,38;99,29;98,40;99,25;100,75
фуфайка из хлопчатобумажной (смесовой) пряжи;100,74;100,50;99,46;99,49;101,05
перчатки, варежки трикотажные;98,78;100,25;100,05;102,46;100,00
шапочка трикотажная;99,82;99,95;102,11;99,94;99,66
колготки;101,37;100,13;100,00;100,85;99,99
пижама;99,58;101,50;99,43;99,65;97,91
ОБУВЬ;99,00;101,18;100,98;100,71;99,42
мужская;99,45;101,51;101,14;100,15;98,69
полуботинки, туфли кожаные;100,17;103,25;101,04;96,51;97,23
сапоги (ботинки) на меху;95,60;100,27;103,42;107,20;100,96
обувь домашняя;100,33;100,39;99,95;97,93;98,23
туфли кроссовые;101,34;101,57;99,80;98,16;98,14
босоножки, сандалеты из натуральной или искусственной кожи;100,05;99,97;103,90;101,66;94,41
обувь резиновая ;99,99;100,10;99,94;100,04;100,94
женская;98,18;101,30;101,11;101,08;99,72
сапоги зимние;93,81;100,05;103,84;106,99;100,39
сапоги (ботинки, ботильоны) демисезонные ;99,48;102,06;98,86;98,00;104,03
туфли кожаные на низком каблуке, на синтетической подошве;99,75;103,89;100,51;98,08;96,49
туфли модельные;100,10;105,18;99,60;97,50;96,28
туфли летние кожаные;100,00;98,75;101,67;100,72;96,43
туфли кроссовые;101,05;101,42;100,55;98,75;98,58
обувь домашняя;100,04;100,48;99,99;97,96;98,55
туфли из искусственной кожи;100,10;100,59;100,34;99,23;98,52
детская;100,80;100,19;100,20;100,43;99,91
полусапожки зимние  и  демисезонные  для  мальчика;101,56;98,97;100,74;101,62;100,09
полусапожки (сапожки) зимние и демисезонные для девочки;100,29;100,14;100,22;100,91;99,93
ботинки, туфли демисезонные кожаные;101,01;101,43;99,79;99,85;100,08
туфли девичьи;100,88;100,43;100,93;99,57;99,56
туфли кроссовые;100,56;100,23;99,72;100,14;99,88
МЕБЕЛЬ;100,41;101,35;100,72;100,23;100,62
стол письменный, компьютерный;100,24;101,77;101,21;100,82;101,28
шкаф для одежды и белья;100,56;101,08;100,65;100,24;100,57
стул;99,89;103,22;101,44;99,28;100,75
диван-кровать, тахта;100,19;100,92;100,67;100,04;100,71
набор корпусной мебели;101,97;103,16;100,52;100,97;100,51
набор мягкой мебели;101,10;100,19;100,91;99,86;100,56
гарнитур кухонный ;100,64;100,66;100,56;100,35;100,17
гарнитур для прихожей;101,63;102,60;100,58;100,74;101,51
набор мебели для ванной комнаты;99,59;100,99;100,29;101,14;99,95
набор мебели для спальни;99,33;103,17;100,79;100,08;100,56
КОВРЫ И КОВРОВЫЕ ИЗДЕЛИЯ;101,28;100,62;100,71;100,34;100,19
ковер из синтетической пряжи;101,23;100,87;100,99;100,59;100,54
дорожка ковровая;101,31;100,48;100,54;100,20;99,99
ТЕКСТИЛЬНЫЕ ИЗДЕЛИЯ (вкл. постельное белье и принадлежности);101,08;100,38;100,68;99,30;100,32
комплект белья постельного ;101,76;100,74;100,89;98,84;100,28
одеяло (плед) шерстяное, полушерстяное;102,22;99,56;101,39;99,66;100,26
одеяло стеганое  (ватное  или  с другими наполнителями);100,77;100,02;101,41;99,54;100,44
покрывало;101,69;99,70;100,13;99,78;101,17
подушка (наполнитель натуральный или синтетический);100,75;100,15;101,34;98,96;99,79
скатерть;103,05;101,41;100,58;99,58;100,49
шторы;99,67;99,83;99,94;98,75;101,00
жалюзи, рольшторы тканевые;100,91;99,65;100,69;99,67;100,04
полотно  гардинное  тюлевое  из  синтетических  нитей;100,13;100,48;100,01;100,30;99,98
полотенце махровое банное;100,38;101,27;100,22;99,45;100,54
ПОСУДА, ПРИБОРЫ СТОЛОВЫЕ;100,20;99,85;100,11;100,29;100,09
тарелки;100,14;98,58;100,68;99,69;99,90
сервиз (набор) чайный, кофейный;100,86;100,21;101,04;100,14;99,93
ваза;100,61;101,09;100,47;99,73;100,64
рюмка, фужер из стекла;101,23;100,78;100,77;100,64;99,40
кастрюля;100,21;99,90;100,34;100,82;100,35
приборы столовые из нержавеющей стали (вилка, ложка, нож) ;100,20;100,20;99,61;99,69;99,96
сковорода с антипригарным покрытием;99,87;99,86;99,50;100,29;99,91
емкость из различных материалов для хранения продуктов;99,91;100,81;99,08;100,26;100,90
ЭЛЕКТРОТОВАРЫ;100,48;100,39;99,82;100,37;99,83
холодильник;100,67;100,26;99,70;101,09;99,52
лампа электрическая;99,96;100,15;100,01;99,25;99,86
машина стиральная ;100,54;99,87;100,20;100,27;99,45
пылесос напольный;99,74;100,81;98,98;101,07;100,08
утюг электрический;100,98;101,92;97,43;99,65;100,86
комбайн кухонный ;100,79;100,16;99,67;99,52;99,94
машина посудомоечная;99,29;102,88;99,08;100,55;99,85
люстра электрическая;100,07;100,45;100,57;99,74;100,03
чайник электрический;99,71;100,47;100,26;101,39;100,79
кофемашина электрическая;98,70;101,60;98,85;101,28;98,42
мультиварка электрическая;100,93;101,50;99,42;101,07;98,29
печь микроволновая;100,89;100,98;100,14;98,84;99,62
плита (варочная панель) бытовая электрическая;101,73;101,72;97,92;100,35;99,93
радиатор бытовой электрический;99,77;99,30;100,05;100,21;99,86
водонагреватель (80-100 л) накопительный электрический;101,48;98,89;100,10;101,29;102,22
дрель электрическая;100,43;98,66;101,35;99,48;100,39
триммер, мотокоса, газонокосилка;100,80;100,02;101,36;99,86;99,63
розетка электрическая;100,27;100,17;100,39;100,25;100,34
удлинитель;100,08;100,18;100,50;99,82;100,06
бритва электрическая;100,80;100,83;100,70;99,81;100,36
фен электрический;101,27;99,72;99,79;99,57;101,14
ТЕЛЕРАДИОТОВАРЫ;100,43;100,73;100,09;101,15;99,68
телевизор;100,45;100,78;100,03;101,34;99,62
музыкальный центр (мини-система);100,91;99,70;100,09;98,98;101,03
СТРОИТЕЛЬНЫЕ МАТЕРИАЛЫ;100,33;100,08;100,49;100,43;100,28
кирпич строительный;98,51;99,77;100,24;100,32;101,79
обои;100,46;100,34;100,79;100,67;99,93
пиломатериалы хвойные обрезные и необрезные;99,57;100,84;100,25;101,29;100,73
плитка керамическая;101,77;100,07;102,31;99,67;100,90
цемент;99,79;99,86;101,17;100,59;101,80
"шифер, лист кровельный (типа ""ондулин"")";100,61;99,36;100,63;100,36;100,08
арматура санитарно-техническая;99,89;100,02;99,78;100,85;100,38
металлопродукция;100,18;100,00;100,63;99,58;99,68
линолеум;100,48;100,59;100,54;100,88;100,71
материалы для облицовки и отделки из поливинилхлорида (ПВХ);100,39;100,04;100,18;100,44;99,54
строительные детали и конструкции из ПВХ, алюминия;102,02;100,13;100,29;100,52;100,00
строительные детали и конструкции из дерева, шпона, мелкодисперсной фракции (МДФ);100,62;100,07;100,13;100,04;100,41
ламинат ;100,03;99,88;100,35;100,59;99,79
ГАЛАНТЕРЕЯ;99,17;101,24;99,92;100,78;101,86
перчатки из натуральной кожи;100,17;99,05;99,42;101,20;100,44
сумка из искусственной кожи;98,76;100,64;100,32;100,53;101,88
сумка из натуральной кожи;98,79;102,44;99,82;100,93;102,20
рюкзак, ранец для детей школьного возраста;100,92;101,16;98,74;101,52;101,55
ремень  поясной из натуральной или искусственной кожи;98,82;100,62;100,55;99,87;102,21
галстук мужской;100,17;100,36;100,48;100,40;100,17
МЕДИКАМЕНТЫ (включая товары медицинского назначения);101,63;101,25;100,97;100,93;100,65
лекарственные препараты;101,75;101,32;100,99;100,89;100,69
антиинфекционные средства;101,71;101,11;100,76;100,66;100,84
средства для лечения пищеварительного тракта и обмена веществ;101,32;100,97;101,05;101,06;100,56
сердечно-сосудистые средства;102,00;101,78;101,21;101,64;100,98
средства для лечения нервной системы;101,51;101,11;100,95;100,71;100,80
противоопухолевые  и  иммуномодулирующие средства;100,56;99,03;100,59;100,73;100,86
средства для лечения крови  и  кроветворных органов;101,34;100,86;100,39;100,43;99,92
средства для лечения дыхательной системы;102,97;102,27;101,14;100,07;100,68
прочие товары медицинского назначения;;;;;
бинт;99,92;100,02;100,84;100,66;100,44
вата;100,28;99,99;99,79;100,11;99,90
шприц;100,26;100,24;100,37;102,22;100,13
очки, оправы;99,86;99,93;100,34;102,36;100,23
аппарат для измерения артериального давления;100,16;100,29;101,20;100,80;99,49
термометр медицинский;100,19;101,79;100,77;100,87;99,88
АВТОМОБИЛИ ЛЕГКОВЫЕ И ЗАПЧАСТИ;99,86;99,17;101,35;101,35;99,66
автомобиль легковой;98,07;99,37;101,94;101,37;98,64
шины для легкового автомобиля;100,29;100,24;100,89;100,68;100,28
запасные части к транспортным средствам;102,91;98,71;100,44;101,39;101,30
ВЕЛОСИПЕДЫ И МОТОЦИКЛЫ;100,13;100,92;101,24;100,89;100,60
велосипед (кроме детского);100,09;100,99;101,41;101,04;100,49
мотоцикл, скутер, мотороллер;100,34;100,53;100,41;100,12;101,20
ПЕЧАТНЫЕ ИЗДАНИЯ;102,70;100,01;100,12;98,85;101,56
ежедневная газета;103,85;100,16;100,32;100,00;100,37
еженедельная газета;102,96;100,00;100,29;100,24;100,02
ежемесячный журнал;108,72;100,25;100,16;101,19;101,68
книги;99,81;99,90;99,79;95,56;104,16
ТОПЛИВО, ГОРЮЧЕ-СМАЗОЧНЫЕ МАТЕРИАЛЫ;100,01;99,94;100,00;100,00;100,83
бензин автомобильный;100,00;100,00;100,00;100,00;100,87
топливо дизельное;100,00;100,00;100,00;100,00;100,85
газовое моторное топливо;100,03;100,04;100,00;100,00;99,96
масло моторное;100,26;98,04;100,14;100,08;100,20
ЧАСЫ НАРУЧНЫЕ;100,77;100,35;99,29;99,41;100,25
СИНТЕТИЧЕСКИЕ МОЮЩИЕ СРЕДСТВА;99,48;101,56;101,15;99,84;100,99
МЫЛО ХОЗЯЙСТВЕННОЕ;100,27;100,03;100,74;100,16;98,68
ТОВАРЫ БЫТОВОЙ ХИМИИ;100,78;100,67;99,84;99,42;100,52
крем для обуви;100,11;100,22;99,57;100,81;100,37
краска для пола и прочая;102,54;100,24;100,13;97,76;101,60
лакокрасочные материалы;103,28;100,20;100,14;97,17;102,48
моющие средства по уходу за автомобилями;99,68;101,04;100,50;99,41;101,31
средства для мытья посуды;100,97;101,73;99,73;99,96;100,45
средства для мытья унитаза, ванны;100,12;99,45;100,22;101,61;98,16
средства для мытья окон, плитки, удаления плесени;97,04;99,58;97,82;96,33;101,81
ТОВАРЫ ХОЗЯЙСТВЕННЫЕ ;99,73;99,96;100,53;99,88;100,35
товары хозяйственные из пластмассы и металла;99,67;99,91;100,61;99,95;100,42
карнизы;99,86;99,67;100,70;99,45;100,33
изделия замочно-скобяные ;99,81;100,32;100,19;99,95;100,12
ЮВЕЛИРНЫЕ ИЗДЕЛИЯ;102,17;100,77;101,44;99,42;100,73
ПРОЧИЕ КУЛЬТУРНО-БЫТОВЫЕ ТОВАРЫ;;;;;
инструменты музыкальные ;99,10;100,28;100,48;100,11;99,87
игрушки;100,46;100,42;99,02;100,96;100,19
аппарат телефонный ;99,88;99,39;99,77;99,47;100,18
компьютер персональный (включая ноутбук);100,46;99,74;99,74;99,96;99,30
компьютер планшетный;97,35;102,64;98,01;102,14;97,84
флэш-карта, карта памяти;98,94;101,20;100,63;100,76;101,98
коляска детская;99,35;99,34;100,79;99,18;100,48
зонт;100,60;100,17;100,57;99,85;99,79
смартфон;100,52;100,33;98,48;101,16;99,90
корма для домашних животных и птиц;100,06;100,92;100,03;100,52;99,68
ТОВАРЫ ДЛЯ СПОРТА И ТУРИЗМА;100,23;100,02;100,14;99,60;99,26
товары для физкультуры и спорта ;100,23;100,32;100,04;99,84;98,56
товары для туризма;100,24;99,58;100,29;99,25;100,28
ПИСЬМЕННЫЕ ТОВАРЫ, КАНЦЕЛЯРСКИЕ ПРИНАДЛЕЖНОСТИ;100,11;99,96;99,99;100,17;100,03
тетрадь;99,83;99,71;100,36;100,13;100,13
альбом для рисования, черчения;100,40;99,93;99,93;100,18;100,04
ручка шариковая;100,47;100,48;99,74;100,05;99,80
карандаши, фломастеры (маркеры);100,05;99,90;100,03;100,12;99,99
краски акварельные, гуашь;99,76;100,12;99,93;100,77;99,86
папка пластиковая (для документов, тетрадей, скоросшиватель);100,00;99,92;99,55;99,87;100,30
ТОВАРЫ ПАРФЮМЕРНО-КОСМЕТИЧЕСКИЕ (включая товары для личной гигиены);100,77;99,92;100,08;100,40;100,07
шампунь;100,59;100,87;98,76;100,42;99,18
зубная паста;100,88;101,27;102,00;99,69;101,29
мыло туалетное;97,77;102,11;99,32;100,53;100,81
крем для лица;102,02;99,43;97,96;101,33;100,17
дезодорант;102,39;100,88;99,13;102,32;100,69
бритвенный станок одноразовый;104,16;98,64;99,68;100,53;99,33
пена, гель для бритья;102,12;98,97;100,74;102,00;99,30
щетка зубная;99,92;100,50;101,49;101,40;100,70
туалетная вода;99,98;99,68;103,59;98,40;100,21
губная помада;103,25;98,67;99,34;99,73;100,92
пена для ванн, гель для душа;101,45;99,75;101,26;99,97;98,35
лак для ногтей;99,24;100,22;99,21;100,82;98,20
лак, бальзам для волос;99,92;99,63;99,29;99,85;99,16
краска для волос;99,63;96,55;96,82;101,84;101,13
тушь для ресниц, бровей;100,46;100,41;101,17;102,39;101,42
салфетки влажные;102,24;99,54;101,67;100,24;100,28
БУМАЖНО-БЕЛОВЫЕ ТОВАРЫ;100,04;100,82;100,89;99,16;100,18
бумага туалетная, салфетки бумажные;99,85;101,25;100,85;99,41;99,65
подгузники, гигиенические пакеты;100,15;100,56;100,92;99,01;100,50
ПРОЧИЕ ТОВАРЫ;;;;;
цветы живые срезанные;101,98;106,13;101,20;95,66;102,98
почвогрунт;100,47;100,82;100,31;100,51;99,84
дрова;100,00;100,00;100,00;99,98;100,00
торфобрикеты;100,00;100,00;100,00;100,00;100,00
машина швейная ;101,03;100,36;99,77;100,79;100,98
инструменты;100,07;100,22;101,08;100,45;99,76
лопата, грабли;100,56;101,33;99,71;99,73;99,99
спички;100,89;99,81;101,31;101,41;100,17
картридж для очистки воды;100,26;100,01;100,13;99,89;100,13
УСЛУГИ;100,37;102,29;100,34;100,16;100,21
ЖИЛИЩНО-КОММУНАЛЬНЫЕ;100,01;106,01;100,02;100,06;100,07
электроснабжение;100,00;103,17;100,00;100,00;100,00
газоснабжение;100,00;100,54;100,00;100,00;100,00
газ природный сетевой ;100,00;100,00;100,00;100,00;100,00
газ сжиженный ;100,00;105,90;100,00;100,00;100,00
водоснабжение (вкл. водоотведение);100,00;111,05;100,00;100,00;100,00
горячее водоснабжение ;100,00;100,00;100,00;100,00;100,00
холодное водоснабжение ;100,00;115,39;100,00;100,00;100,00
водоотведение (канализация);100,00;115,07;100,00;100,00;100,00
отопление;100,00;100,00;100,00;100,00;100,00
обращение с твердыми коммунальными отходами;100,00;117,14;100,00;100,37;100,88
пользование лифтом;100,00;117,21;100,00;100,00;100,00
техническое обслуживание запорно-переговорного устройства;100,33;110,39;99,91;100,31;100,36
прочие коммунальные услуги;100,66;103,86;101,97;103,00;101,02
техническое обслуживание жилых помещений;100,00;113,18;100,00;100,00;100,00
ГОСТИНИЦ ;100,68;100,97;101,90;102,77;99,98
ОБЩЕЖИТИЙ;107,84;100,20;99,99;99,99;100,12
БЫТОВЫЕ;101,19;100,88;100,22;99,71;100,49
индивидуальный пошив одежды;100,51;104,25;100,93;100,62;100,11
ремонт одежды;101,15;100,77;100,79;101,84;100,51
химическая чистка верхней одежды;101,54;101,34;100,81;100,21;100,23
ремонт обуви;100,41;101,08;100,93;103,51;100,14
ремонт мужской обуви;100,51;100,92;101,14;103,82;100,16
ремонт женской обуви;100,38;101,13;100,85;103,41;100,13
услуги парикмахерских;100,77;102,07;100,91;100,95;101,00
стрижка модельная в женском зале;100,98;101,72;100,79;100,94;101,48
стрижка модельная в мужском зале;100,89;102,31;100,92;100,80;100,66
маникюр;100,33;102,55;101,11;101,06;100,36
ритуальные услуги;101,77;99,44;97,80;94,71;100,19
услуги фотоателье;100,51;102,31;100,69;100,42;101,84
ремонт бытовых электроприборов;101,80;100,63;101,26;99,32;100,20
ремонт холодильников;102,87;100,43;101,71;97,74;100,06
ремонт стиральных машин;101,12;100,76;100,97;100,36;100,28
ремонт часов ;101,26;100,17;100,41;102,33;100,30
ремонт ювелирных изделий;101,09;100,28;100,81;100,75;102,18
техническое  обслуживание  транспортных  средств  (легковых автомобилей);100,70;100,69;101,09;101,97;100,28
технический осмотр транспортных средств (легковых автомобилей);103,70;100,25;100,29;100,35;100,15
плата за автостоянку;100,82;100,33;100,95;100,46;102,31
услуги бань и душевых, саун;100,74;100,45;100,89;100,27;100,06
ремонт жилых помещений;100,93;102,67;102,03;102,38;100,07
малярные работы;101,37;103,02;102,36;103,55;100,25
облицовка кафельной плиткой;100,28;105,20;103,07;102,80;99,76
установка межкомнатных дверей;101,13;101,27;101,38;101,78;100,18
ремонт телевизоров;100,14;100,73;101,25;100,51;100,05
СВЯЗИ;100,02;100,04;100,02;100,43;100,01
городская телефонная связь;100,00;100,00;100,00;104,42;100,00
абонементная плата за основной телефон для абонентов, переведенных на повременную систему;100,00;100,00;100,00;104,02;100,00
повременная плата за местные телефонные соединения;100,00;100,00;100,00;105,26;100,00
междугородные, международные телефонные соединения;100,00;100,00;100,00;105,51;100,00
почтовые;100,00;100,00;100,00;100,00;100,00
подключение к сети Интернет ;100,00;100,00;100,07;100,00;100,00
сотовая подвижная электросвязь;100,00;100,00;100,00;100,00;100,00
абонентская плата за пользование услугами сотовой подвижной электросвязи (вкл. пакеты безлимитных услуг);100,00;100,00;100,00;100,00;100,00
плата за беспроводной (мобильный) доступ в сеть Интернет, разговор по мобильному телефону, пересылку sms-сообщений ;100,00;100,00;100,00;100,00;100,00
цифровое телевидение;100,48;100,96;100,28;102,17;100,22
ДОШКОЛЬНЫХ УЧРЕЖДЕНИЙ;100,00;100,00;100,00;100,00;100,00
ПАССАЖИРСКОГО ТРАНСПОРТА;99,61;100,56;100,49;100,05;100,92
городского транспорта;100,00;100,00;100,00;100,00;100,00
железнодорожного;101,59;99,24;101,55;99,55;103,90
регионального сообщения эконом-класса;100,00;100,00;100,00;100,00;102,74
международного сообщения;102,80;98,67;102,72;99,23;104,41
межрегионального сообщения;100,00;100,00;100,00;100,00;103,45
автомобильного;100,53;100,71;100,83;100,82;100,17
пригородного сообщения;100,00;100,00;100,00;100,00;100,00
междугородного сообщения;100,33;100,08;102,48;103,62;100,13
по перевозке пассажира в автомобиле-такси ;100,55;100,68;100,62;100,92;100,17
по  перевозке пассажира  в  автобусе  регулярного  экспрессного  внутригородского  сообщения;100,84;101,28;101,54;100,63;100,25
воздушного;97,59;101,62;99,99;99,86;100,34
КУЛЬТУРЫ;102,46;101,93;102,56;100,55;100,68
кинотеатров;99,99;103,64;100,61;100,03;99,83
театров;102,67;104,66;107,94;100,13;99,88
концертных организаций;105,09;98,72;101,05;101,01;102,79
цирков;100,00;100,42;100,00;100,00;99,75
дискотек;100,00;103,37;100,71;101,37;100,00
музеев;104,37;100,90;102,28;100,95;100,99
САНАТОРНО-ОЗДОРОВИТЕЛЬНЫЕ;101,74;100,37;101,49;101,56;101,33
ТУРИСТИЧЕСКИЕ ;96,28;107,70;107,07;99,40;98,93
услуги внутреннего туризма;100,86;101,48;103,35;101,93;101,01
услуги международного туризма;95,88;108,28;107,40;99,19;98,75
ФИЗИЧЕСКОЙ КУЛЬТУРЫ И СПОРТА;100,75;100,26;101,22;100,95;100,56
МЕДИЦИНСКИЕ;101,34;100,55;100,13;100,84;100,37
ВЕТЕРИНАРНЫЕ ;100,60;101,38;100,42;102,03;100,33
БАНКОВ;100,00;100,00;100,00;100,00;100,00
ПРАВОВЫЕ;108,11;100,00;100,00;100,00;100,00
ОБРАЗОВАНИЯ;100,49;100,60;100,13;100,25;100,14
дополнительные занятия в учреждении дошкольного образования;100,40;101,19;100,07;100,00;100,00
услуги среднего специального образования;100,49;100,37;100,03;100,18;100,00
услуги высшего образования;100,42;100,00;100,00;100,00;100,00
обучение на курсах:;100,65;101,66;100,42;100,76;100,47
вождению автомобиля;102,14;101,72;100,98;102,51;100,91
владению иностранным языком;99,86;101,79;100,27;100,14;100,90
информационным технологиям;100,68;103,73;99,79;100,00;100,00
танцам, пению, актерскому мастерству, кройке и шитью, прочее;100,31;101,29;100,33;100,36;100,20
СДАЧА В НАЕМ (АРЕНДА) СОБСТВЕННОГО ИЛИ АРЕНДОВАННОГО ЖИЛЬЯ;;;;;
пользование арендным жильем;100,00;108,11;99,42;100,00;100,00
наем (аренда) однокомнатной квартиры (комнаты) у физических лиц;100,35;100,42;100,00;99,80;100,20
СТРАХОВАНИЯ;98,54;101,18;100,07;99,21;99,90
легкового автотранспорта;97,64;101,93;100,12;98,71;99,84
строений, принадлежащих гражданам;100,00;100,00;100,00;100,00;100,00
ГОСУДАРСТВЕННЫЕ ПОШЛИНЫ ЗА ОСУЩЕСТВЛЕНИЕ АДМИНИСТРАТИВНЫХ ПРОЦЕДУР  (выдача (обмен), удостоверение документов и прочее);108,11;100,00;100,00;100,00;100,00
СОЦИАЛЬНЫЕ УСЛУГИ В ФОРМЕ СОЦИАЛЬНОГО ОБСЛУЖИВАНИЯ НА ДОМУ;100,00;100,16;100,64;100,00;100,00
ПО ОХРАНЕ ЖИЛЫХ ДОМОВ (ПОМЕЩЕНИЙ);108,11;100,00;100,00;100,00;100,00
